name:string:users	name:string:users	type
Michael0	Michael0	FATHER_0OF
Michael0	Michael1	FATHER_0OF
Michael0	Michael2	FATHER_0OF
Michael0	Michael3	FATHER_0OF
Michael0	Michael4	FATHER_0OF
Michael0	Michael5	FATHER_0OF
Michael0	Michael6	FATHER_0OF
Michael0	Michael7	FATHER_0OF
Michael0	Michael8	FATHER_0OF
Michael0	Michael9	FATHER_0OF
Michael0	Michael10	FATHER_0OF
Michael0	Michael11	FATHER_0OF
Michael0	Michael12	FATHER_0OF
Michael0	Michael13	FATHER_0OF
Michael0	Michael14	FATHER_0OF
Michael0	Michael15	FATHER_0OF
Michael0	Michael16	FATHER_0OF
Michael0	Michael17	FATHER_0OF
Michael0	Michael18	FATHER_0OF
Michael0	Michael19	FATHER_0OF
Michael0	Michael20	FATHER_0OF
Michael0	Michael21	FATHER_0OF
Michael0	Michael22	FATHER_0OF
Michael0	Michael23	FATHER_0OF
Michael0	Michael24	FATHER_0OF
Michael0	Michael25	FATHER_0OF
Michael0	Michael26	FATHER_0OF
Michael0	Michael27	FATHER_0OF
Michael0	Michael28	FATHER_0OF
Michael0	Michael29	FATHER_0OF
Michael0	Michael30	FATHER_0OF
Michael0	Michael31	FATHER_0OF
Michael0	Michael32	FATHER_0OF
Michael0	Michael33	FATHER_0OF
Michael0	Michael34	FATHER_0OF
Michael0	Michael35	FATHER_0OF
Michael0	Michael36	FATHER_0OF
Michael0	Michael37	FATHER_0OF
Michael0	Michael38	FATHER_0OF
Michael0	Michael39	FATHER_0OF
Michael0	Michael40	FATHER_0OF
Michael0	Michael41	FATHER_0OF
Michael0	Michael42	FATHER_0OF
Michael0	Michael43	FATHER_0OF
Michael0	Michael44	FATHER_0OF
Michael0	Michael45	FATHER_0OF
Michael0	Michael46	FATHER_0OF
Michael0	Michael47	FATHER_0OF
Michael0	Michael48	FATHER_0OF
Michael0	Michael49	FATHER_0OF
Michael0	Michael50	FATHER_0OF
Michael0	Michael51	FATHER_0OF
Michael0	Michael52	FATHER_0OF
Michael0	Michael53	FATHER_0OF
Michael0	Michael54	FATHER_0OF
Michael0	Michael55	FATHER_0OF
Michael0	Michael56	FATHER_0OF
Michael0	Michael57	FATHER_0OF
Michael0	Michael58	FATHER_0OF
Michael0	Michael59	FATHER_0OF
Michael0	Michael60	FATHER_0OF
Michael0	Michael61	FATHER_0OF
Michael0	Michael62	FATHER_0OF
Michael0	Michael63	FATHER_0OF
Michael0	Michael64	FATHER_0OF
Michael0	Michael65	FATHER_0OF
Michael0	Michael66	FATHER_0OF
Michael0	Michael67	FATHER_0OF
Michael0	Michael68	FATHER_0OF
Michael0	Michael69	FATHER_0OF
Michael0	Michael70	FATHER_0OF
Michael0	Michael71	FATHER_0OF
Michael0	Michael72	FATHER_0OF
Michael0	Michael73	FATHER_0OF
Michael0	Michael74	FATHER_0OF
Michael0	Michael75	FATHER_0OF
Michael0	Michael76	FATHER_0OF
Michael0	Michael77	FATHER_0OF
Michael0	Michael78	FATHER_0OF
Michael0	Michael79	FATHER_0OF
Michael0	Michael80	FATHER_0OF
Michael0	Michael81	FATHER_0OF
Michael0	Michael82	FATHER_0OF
Michael0	Michael83	FATHER_0OF
Michael0	Michael84	FATHER_0OF
Michael0	Michael85	FATHER_0OF
Michael0	Michael86	FATHER_0OF
Michael0	Michael87	FATHER_0OF
Michael0	Michael88	FATHER_0OF
Michael0	Michael89	FATHER_0OF
Michael0	Michael90	FATHER_0OF
Michael0	Michael91	FATHER_0OF
Michael0	Michael92	FATHER_0OF
Michael0	Michael93	FATHER_0OF
Michael0	Michael94	FATHER_0OF
Michael0	Michael95	FATHER_0OF
Michael0	Michael96	FATHER_0OF
Michael0	Michael97	FATHER_0OF
Michael0	Michael98	FATHER_0OF
Michael0	Michael99	FATHER_0OF
Michael0	Michael100	FATHER_0OF
Michael0	Michael101	FATHER_0OF
Michael0	Michael102	FATHER_0OF
Michael0	Michael103	FATHER_0OF
Michael0	Michael104	FATHER_0OF
Michael0	Michael105	FATHER_0OF
Michael0	Michael106	FATHER_0OF
Michael0	Michael107	FATHER_0OF
Michael0	Michael108	FATHER_0OF
Michael0	Michael109	FATHER_0OF
Michael0	Michael110	FATHER_0OF
Michael0	Michael111	FATHER_0OF
Michael0	Michael112	FATHER_0OF
Michael0	Michael113	FATHER_0OF
Michael0	Michael114	FATHER_0OF
Michael0	Michael115	FATHER_0OF
Michael0	Michael116	FATHER_0OF
Michael0	Michael117	FATHER_0OF
Michael0	Michael118	FATHER_0OF
Michael0	Michael119	FATHER_0OF
Michael0	Michael120	FATHER_0OF
Michael0	Michael121	FATHER_0OF
Michael0	Michael122	FATHER_0OF
Michael0	Michael123	FATHER_0OF
Michael0	Michael124	FATHER_0OF
Michael0	Michael125	FATHER_0OF
Michael0	Michael126	FATHER_0OF
Michael0	Michael127	FATHER_0OF
Michael0	Michael128	FATHER_0OF
Michael0	Michael129	FATHER_0OF
Michael0	Michael130	FATHER_0OF
Michael0	Michael131	FATHER_0OF
Michael0	Michael132	FATHER_0OF
Michael0	Michael133	FATHER_0OF
Michael0	Michael134	FATHER_0OF
Michael0	Michael135	FATHER_0OF
Michael0	Michael136	FATHER_0OF
Michael0	Michael137	FATHER_0OF
Michael0	Michael138	FATHER_0OF
Michael0	Michael139	FATHER_0OF
Michael0	Michael140	FATHER_0OF
Michael0	Michael141	FATHER_0OF
Michael0	Michael142	FATHER_0OF
Michael0	Michael143	FATHER_0OF
Michael0	Michael144	FATHER_0OF
Michael0	Michael145	FATHER_0OF
Michael0	Michael146	FATHER_0OF
Michael0	Michael147	FATHER_0OF
Michael0	Michael148	FATHER_0OF
Michael0	Michael149	FATHER_0OF
Michael0	Michael150	FATHER_0OF
Michael0	Michael151	FATHER_0OF
Michael0	Michael152	FATHER_0OF
Michael0	Michael153	FATHER_0OF
Michael0	Michael154	FATHER_0OF
Michael0	Michael155	FATHER_0OF
Michael0	Michael156	FATHER_0OF
Michael0	Michael157	FATHER_0OF
Michael0	Michael158	FATHER_0OF
Michael0	Michael159	FATHER_0OF
Michael0	Michael160	FATHER_0OF
Michael0	Michael161	FATHER_0OF
Michael0	Michael162	FATHER_0OF
Michael0	Michael163	FATHER_0OF
Michael0	Michael164	FATHER_0OF
Michael0	Michael165	FATHER_0OF
Michael0	Michael166	FATHER_0OF
Michael0	Michael167	FATHER_0OF
Michael0	Michael168	FATHER_0OF
Michael0	Michael169	FATHER_0OF
Michael0	Michael170	FATHER_0OF
Michael0	Michael171	FATHER_0OF
Michael0	Michael172	FATHER_0OF
Michael0	Michael173	FATHER_0OF
Michael0	Michael174	FATHER_0OF
Michael0	Michael175	FATHER_0OF
Michael0	Michael176	FATHER_0OF
Michael0	Michael177	FATHER_0OF
Michael0	Michael178	FATHER_0OF
Michael0	Michael179	FATHER_0OF
Michael0	Michael180	FATHER_0OF
Michael0	Michael181	FATHER_0OF
Michael0	Michael182	FATHER_0OF
Michael0	Michael183	FATHER_0OF
Michael0	Michael184	FATHER_0OF
Michael0	Michael185	FATHER_0OF
Michael0	Michael186	FATHER_0OF
Michael0	Michael187	FATHER_0OF
Michael0	Michael188	FATHER_0OF
Michael0	Michael189	FATHER_0OF
Michael0	Michael190	FATHER_0OF
Michael0	Michael191	FATHER_0OF
Michael0	Michael192	FATHER_0OF
Michael0	Michael193	FATHER_0OF
Michael0	Michael194	FATHER_0OF
Michael0	Michael195	FATHER_0OF
Michael0	Michael196	FATHER_0OF
Michael0	Michael197	FATHER_0OF
Michael0	Michael198	FATHER_0OF
Michael0	Michael199	FATHER_0OF
Michael0	Michael200	FATHER_0OF
Michael0	Michael201	FATHER_0OF
Michael0	Michael202	FATHER_0OF
Michael0	Michael203	FATHER_0OF
Michael0	Michael204	FATHER_0OF
Michael0	Michael205	FATHER_0OF
Michael0	Michael206	FATHER_0OF
Michael0	Michael207	FATHER_0OF
Michael0	Michael208	FATHER_0OF
Michael0	Michael209	FATHER_0OF
Michael0	Michael210	FATHER_0OF
Michael0	Michael211	FATHER_0OF
Michael0	Michael212	FATHER_0OF
Michael0	Michael213	FATHER_0OF
Michael0	Michael214	FATHER_0OF
Michael0	Michael215	FATHER_0OF
Michael0	Michael216	FATHER_0OF
Michael0	Michael217	FATHER_0OF
Michael0	Michael218	FATHER_0OF
Michael0	Michael219	FATHER_0OF
Michael0	Michael220	FATHER_0OF
Michael0	Michael221	FATHER_0OF
Michael0	Michael222	FATHER_0OF
Michael0	Michael223	FATHER_0OF
Michael0	Michael224	FATHER_0OF
Michael0	Michael225	FATHER_0OF
Michael0	Michael226	FATHER_0OF
Michael0	Michael227	FATHER_0OF
Michael0	Michael228	FATHER_0OF
Michael0	Michael229	FATHER_0OF
Michael0	Michael230	FATHER_0OF
Michael0	Michael231	FATHER_0OF
Michael0	Michael232	FATHER_0OF
Michael0	Michael233	FATHER_0OF
Michael0	Michael234	FATHER_0OF
Michael0	Michael235	FATHER_0OF
Michael0	Michael236	FATHER_0OF
Michael0	Michael237	FATHER_0OF
Michael0	Michael238	FATHER_0OF
Michael0	Michael239	FATHER_0OF
Michael0	Michael240	FATHER_0OF
Michael0	Michael241	FATHER_0OF
Michael0	Michael242	FATHER_0OF
Michael0	Michael243	FATHER_0OF
Michael0	Michael244	FATHER_0OF
Michael0	Michael245	FATHER_0OF
Michael0	Michael246	FATHER_0OF
Michael0	Michael247	FATHER_0OF
Michael0	Michael248	FATHER_0OF
Michael0	Michael249	FATHER_0OF
Michael0	Michael250	FATHER_0OF
Michael0	Michael251	FATHER_0OF
Michael0	Michael252	FATHER_0OF
Michael0	Michael253	FATHER_0OF
Michael0	Michael254	FATHER_0OF
Michael0	Michael255	FATHER_0OF
Michael0	Michael256	FATHER_0OF
Michael0	Michael257	FATHER_0OF
Michael0	Michael258	FATHER_0OF
Michael0	Michael259	FATHER_0OF
Michael0	Michael260	FATHER_0OF
Michael0	Michael261	FATHER_0OF
Michael0	Michael262	FATHER_0OF
Michael0	Michael263	FATHER_0OF
Michael0	Michael264	FATHER_0OF
Michael0	Michael265	FATHER_0OF
Michael0	Michael266	FATHER_0OF
Michael0	Michael267	FATHER_0OF
Michael0	Michael268	FATHER_0OF
Michael0	Michael269	FATHER_0OF
Michael0	Michael270	FATHER_0OF
Michael0	Michael271	FATHER_0OF
Michael0	Michael272	FATHER_0OF
Michael0	Michael273	FATHER_0OF
Michael0	Michael274	FATHER_0OF
Michael0	Michael275	FATHER_0OF
Michael0	Michael276	FATHER_0OF
Michael0	Michael277	FATHER_0OF
Michael0	Michael278	FATHER_0OF
Michael0	Michael279	FATHER_0OF
Michael0	Michael280	FATHER_0OF
Michael0	Michael281	FATHER_0OF
Michael0	Michael282	FATHER_0OF
Michael0	Michael283	FATHER_0OF
Michael0	Michael284	FATHER_0OF
Michael0	Michael285	FATHER_0OF
Michael0	Michael286	FATHER_0OF
Michael0	Michael287	FATHER_0OF
Michael0	Michael288	FATHER_0OF
Michael0	Michael289	FATHER_0OF
Michael0	Michael290	FATHER_0OF
Michael0	Michael291	FATHER_0OF
Michael0	Michael292	FATHER_0OF
Michael0	Michael293	FATHER_0OF
Michael0	Michael294	FATHER_0OF
Michael0	Michael295	FATHER_0OF
Michael0	Michael296	FATHER_0OF
Michael0	Michael297	FATHER_0OF
Michael0	Michael298	FATHER_0OF
Michael0	Michael299	FATHER_0OF
Michael0	Michael300	FATHER_0OF
Michael0	Michael301	FATHER_0OF
Michael0	Michael302	FATHER_0OF
Michael0	Michael303	FATHER_0OF
Michael0	Michael304	FATHER_0OF
Michael0	Michael305	FATHER_0OF
Michael0	Michael306	FATHER_0OF
Michael0	Michael307	FATHER_0OF
Michael0	Michael308	FATHER_0OF
Michael0	Michael309	FATHER_0OF
Michael0	Michael310	FATHER_0OF
Michael0	Michael311	FATHER_0OF
Michael0	Michael312	FATHER_0OF
Michael0	Michael313	FATHER_0OF
Michael0	Michael314	FATHER_0OF
Michael0	Michael315	FATHER_0OF
Michael0	Michael316	FATHER_0OF
Michael0	Michael317	FATHER_0OF
Michael0	Michael318	FATHER_0OF
Michael0	Michael319	FATHER_0OF
Michael0	Michael320	FATHER_0OF
Michael0	Michael321	FATHER_0OF
Michael0	Michael322	FATHER_0OF
Michael0	Michael323	FATHER_0OF
Michael0	Michael324	FATHER_0OF
Michael0	Michael325	FATHER_0OF
Michael0	Michael326	FATHER_0OF
Michael0	Michael327	FATHER_0OF
Michael0	Michael328	FATHER_0OF
Michael0	Michael329	FATHER_0OF
Michael0	Michael330	FATHER_0OF
Michael0	Michael331	FATHER_0OF
Michael0	Michael332	FATHER_0OF
Michael0	Michael333	FATHER_0OF
Michael0	Michael334	FATHER_0OF
Michael0	Michael335	FATHER_0OF
Michael0	Michael336	FATHER_0OF
Michael0	Michael337	FATHER_0OF
Michael0	Michael338	FATHER_0OF
Michael0	Michael339	FATHER_0OF
Michael0	Michael340	FATHER_0OF
Michael0	Michael341	FATHER_0OF
Michael0	Michael342	FATHER_0OF
Michael0	Michael343	FATHER_0OF
Michael0	Michael344	FATHER_0OF
Michael0	Michael345	FATHER_0OF
Michael0	Michael346	FATHER_0OF
Michael0	Michael347	FATHER_0OF
Michael0	Michael348	FATHER_0OF
Michael0	Michael349	FATHER_0OF
Michael0	Michael350	FATHER_0OF
Michael0	Michael351	FATHER_0OF
Michael0	Michael352	FATHER_0OF
Michael0	Michael353	FATHER_0OF
Michael0	Michael354	FATHER_0OF
Michael0	Michael355	FATHER_0OF
Michael0	Michael356	FATHER_0OF
Michael0	Michael357	FATHER_0OF
Michael0	Michael358	FATHER_0OF
Michael0	Michael359	FATHER_0OF
Michael0	Michael360	FATHER_0OF
Michael0	Michael361	FATHER_0OF
Michael0	Michael362	FATHER_0OF
Michael0	Michael363	FATHER_0OF
Michael0	Michael364	FATHER_0OF
Michael0	Michael365	FATHER_0OF
Michael0	Michael366	FATHER_0OF
Michael0	Michael367	FATHER_0OF
Michael0	Michael368	FATHER_0OF
Michael0	Michael369	FATHER_0OF
Michael0	Michael370	FATHER_0OF
Michael0	Michael371	FATHER_0OF
Michael0	Michael372	FATHER_0OF
Michael0	Michael373	FATHER_0OF
Michael0	Michael374	FATHER_0OF
Michael0	Michael375	FATHER_0OF
Michael0	Michael376	FATHER_0OF
Michael0	Michael377	FATHER_0OF
Michael0	Michael378	FATHER_0OF
Michael0	Michael379	FATHER_0OF
Michael0	Michael380	FATHER_0OF
Michael0	Michael381	FATHER_0OF
Michael0	Michael382	FATHER_0OF
Michael0	Michael383	FATHER_0OF
Michael0	Michael384	FATHER_0OF
Michael0	Michael385	FATHER_0OF
Michael0	Michael386	FATHER_0OF
Michael0	Michael387	FATHER_0OF
Michael0	Michael388	FATHER_0OF
Michael0	Michael389	FATHER_0OF
Michael0	Michael390	FATHER_0OF
Michael0	Michael391	FATHER_0OF
Michael0	Michael392	FATHER_0OF
Michael0	Michael393	FATHER_0OF
Michael0	Michael394	FATHER_0OF
Michael0	Michael395	FATHER_0OF
Michael0	Michael396	FATHER_0OF
Michael0	Michael397	FATHER_0OF
Michael0	Michael398	FATHER_0OF
Michael0	Michael399	FATHER_0OF
Michael0	Michael400	FATHER_0OF
Michael0	Michael401	FATHER_0OF
Michael0	Michael402	FATHER_0OF
Michael0	Michael403	FATHER_0OF
Michael0	Michael404	FATHER_0OF
Michael0	Michael405	FATHER_0OF
Michael0	Michael406	FATHER_0OF
Michael0	Michael407	FATHER_0OF
Michael0	Michael408	FATHER_0OF
Michael0	Michael409	FATHER_0OF
Michael0	Michael410	FATHER_0OF
Michael0	Michael411	FATHER_0OF
Michael0	Michael412	FATHER_0OF
Michael0	Michael413	FATHER_0OF
Michael0	Michael414	FATHER_0OF
Michael0	Michael415	FATHER_0OF
Michael0	Michael416	FATHER_0OF
Michael0	Michael417	FATHER_0OF
Michael0	Michael418	FATHER_0OF
Michael0	Michael419	FATHER_0OF
Michael0	Michael420	FATHER_0OF
Michael0	Michael421	FATHER_0OF
Michael0	Michael422	FATHER_0OF
Michael0	Michael423	FATHER_0OF
Michael0	Michael424	FATHER_0OF
Michael0	Michael425	FATHER_0OF
Michael0	Michael426	FATHER_0OF
Michael0	Michael427	FATHER_0OF
Michael0	Michael428	FATHER_0OF
Michael0	Michael429	FATHER_0OF
Michael0	Michael430	FATHER_0OF
Michael0	Michael431	FATHER_0OF
Michael0	Michael432	FATHER_0OF
Michael0	Michael433	FATHER_0OF
Michael0	Michael434	FATHER_0OF
Michael0	Michael435	FATHER_0OF
Michael0	Michael436	FATHER_0OF
Michael0	Michael437	FATHER_0OF
Michael0	Michael438	FATHER_0OF
Michael0	Michael439	FATHER_0OF
Michael0	Michael440	FATHER_0OF
Michael0	Michael441	FATHER_0OF
Michael0	Michael442	FATHER_0OF
Michael0	Michael443	FATHER_0OF
Michael0	Michael444	FATHER_0OF
Michael0	Michael445	FATHER_0OF
Michael0	Michael446	FATHER_0OF
Michael0	Michael447	FATHER_0OF
Michael0	Michael448	FATHER_0OF
Michael0	Michael449	FATHER_0OF
Michael0	Michael450	FATHER_0OF
Michael0	Michael451	FATHER_0OF
Michael0	Michael452	FATHER_0OF
Michael0	Michael453	FATHER_0OF
Michael0	Michael454	FATHER_0OF
Michael0	Michael455	FATHER_0OF
Michael0	Michael456	FATHER_0OF
Michael0	Michael457	FATHER_0OF
Michael0	Michael458	FATHER_0OF
Michael0	Michael459	FATHER_0OF
Michael0	Michael460	FATHER_0OF
Michael0	Michael461	FATHER_0OF
Michael0	Michael462	FATHER_0OF
Michael0	Michael463	FATHER_0OF
Michael0	Michael464	FATHER_0OF
Michael0	Michael465	FATHER_0OF
Michael0	Michael466	FATHER_0OF
Michael0	Michael467	FATHER_0OF
Michael0	Michael468	FATHER_0OF
Michael0	Michael469	FATHER_0OF
Michael0	Michael470	FATHER_0OF
Michael0	Michael471	FATHER_0OF
Michael0	Michael472	FATHER_0OF
Michael0	Michael473	FATHER_0OF
Michael0	Michael474	FATHER_0OF
Michael0	Michael475	FATHER_0OF
Michael0	Michael476	FATHER_0OF
Michael0	Michael477	FATHER_0OF
Michael0	Michael478	FATHER_0OF
Michael0	Michael479	FATHER_0OF
Michael0	Michael480	FATHER_0OF
Michael0	Michael481	FATHER_0OF
Michael0	Michael482	FATHER_0OF
Michael0	Michael483	FATHER_0OF
Michael0	Michael484	FATHER_0OF
Michael0	Michael485	FATHER_0OF
Michael0	Michael486	FATHER_0OF
Michael0	Michael487	FATHER_0OF
Michael0	Michael488	FATHER_0OF
Michael0	Michael489	FATHER_0OF
Michael0	Michael490	FATHER_0OF
Michael0	Michael491	FATHER_0OF
Michael0	Michael492	FATHER_0OF
Michael0	Michael493	FATHER_0OF
Michael0	Michael494	FATHER_0OF
Michael0	Michael495	FATHER_0OF
Michael0	Michael496	FATHER_0OF
Michael0	Michael497	FATHER_0OF
Michael0	Michael498	FATHER_0OF
Michael0	Michael499	FATHER_0OF
Michael0	Michael500	FATHER_0OF
Michael0	Michael501	FATHER_0OF
Michael0	Michael502	FATHER_0OF
Michael0	Michael503	FATHER_0OF
Michael0	Michael504	FATHER_0OF
Michael0	Michael505	FATHER_0OF
Michael0	Michael506	FATHER_0OF
Michael0	Michael507	FATHER_0OF
Michael0	Michael508	FATHER_0OF
Michael0	Michael509	FATHER_0OF
Michael0	Michael510	FATHER_0OF
Michael0	Michael511	FATHER_0OF
Michael0	Michael512	FATHER_0OF
Michael0	Michael513	FATHER_0OF
Michael0	Michael514	FATHER_0OF
Michael0	Michael515	FATHER_0OF
Michael0	Michael516	FATHER_0OF
Michael0	Michael517	FATHER_0OF
Michael0	Michael518	FATHER_0OF
Michael0	Michael519	FATHER_0OF
Michael0	Michael520	FATHER_0OF
Michael0	Michael521	FATHER_0OF
Michael0	Michael522	FATHER_0OF
Michael0	Michael523	FATHER_0OF
Michael0	Michael524	FATHER_0OF
Michael0	Michael525	FATHER_0OF
Michael0	Michael526	FATHER_0OF
Michael0	Michael527	FATHER_0OF
Michael0	Michael528	FATHER_0OF
Michael0	Michael529	FATHER_0OF
Michael0	Michael530	FATHER_0OF
Michael0	Michael531	FATHER_0OF
Michael0	Michael532	FATHER_0OF
Michael0	Michael533	FATHER_0OF
Michael0	Michael534	FATHER_0OF
Michael0	Michael535	FATHER_0OF
Michael0	Michael536	FATHER_0OF
Michael0	Michael537	FATHER_0OF
Michael0	Michael538	FATHER_0OF
Michael0	Michael539	FATHER_0OF
Michael0	Michael540	FATHER_0OF
Michael0	Michael541	FATHER_0OF
Michael0	Michael542	FATHER_0OF
Michael0	Michael543	FATHER_0OF
Michael0	Michael544	FATHER_0OF
Michael0	Michael545	FATHER_0OF
Michael0	Michael546	FATHER_0OF
Michael0	Michael547	FATHER_0OF
Michael0	Michael548	FATHER_0OF
Michael0	Michael549	FATHER_0OF
Michael0	Michael550	FATHER_0OF
Michael0	Michael551	FATHER_0OF
Michael0	Michael552	FATHER_0OF
Michael0	Michael553	FATHER_0OF
Michael0	Michael554	FATHER_0OF
Michael0	Michael555	FATHER_0OF
Michael0	Michael556	FATHER_0OF
Michael0	Michael557	FATHER_0OF
Michael0	Michael558	FATHER_0OF
Michael0	Michael559	FATHER_0OF
Michael0	Michael560	FATHER_0OF
Michael0	Michael561	FATHER_0OF
Michael0	Michael562	FATHER_0OF
Michael0	Michael563	FATHER_0OF
Michael0	Michael564	FATHER_0OF
Michael0	Michael565	FATHER_0OF
Michael0	Michael566	FATHER_0OF
Michael0	Michael567	FATHER_0OF
Michael0	Michael568	FATHER_0OF
Michael0	Michael569	FATHER_0OF
Michael0	Michael570	FATHER_0OF
Michael0	Michael571	FATHER_0OF
Michael0	Michael572	FATHER_0OF
Michael0	Michael573	FATHER_0OF
Michael0	Michael574	FATHER_0OF
Michael0	Michael575	FATHER_0OF
Michael0	Michael576	FATHER_0OF
Michael0	Michael577	FATHER_0OF
Michael0	Michael578	FATHER_0OF
Michael0	Michael579	FATHER_0OF
Michael0	Michael580	FATHER_0OF
Michael0	Michael581	FATHER_0OF
Michael0	Michael582	FATHER_0OF
Michael0	Michael583	FATHER_0OF
Michael0	Michael584	FATHER_0OF
Michael0	Michael585	FATHER_0OF
Michael0	Michael586	FATHER_0OF
Michael0	Michael587	FATHER_0OF
Michael0	Michael588	FATHER_0OF
Michael0	Michael589	FATHER_0OF
Michael0	Michael590	FATHER_0OF
Michael0	Michael591	FATHER_0OF
Michael0	Michael592	FATHER_0OF
Michael0	Michael593	FATHER_0OF
Michael0	Michael594	FATHER_0OF
Michael0	Michael595	FATHER_0OF
Michael0	Michael596	FATHER_0OF
Michael0	Michael597	FATHER_0OF
Michael0	Michael598	FATHER_0OF
Michael0	Michael599	FATHER_0OF
Michael0	Michael600	FATHER_0OF
Michael0	Michael601	FATHER_0OF
Michael0	Michael602	FATHER_0OF
Michael0	Michael603	FATHER_0OF
Michael0	Michael604	FATHER_0OF
Michael0	Michael605	FATHER_0OF
Michael0	Michael606	FATHER_0OF
Michael0	Michael607	FATHER_0OF
Michael0	Michael608	FATHER_0OF
Michael0	Michael609	FATHER_0OF
Michael0	Michael610	FATHER_0OF
Michael0	Michael611	FATHER_0OF
Michael0	Michael612	FATHER_0OF
Michael0	Michael613	FATHER_0OF
Michael0	Michael614	FATHER_0OF
Michael0	Michael615	FATHER_0OF
Michael0	Michael616	FATHER_0OF
Michael0	Michael617	FATHER_0OF
Michael0	Michael618	FATHER_0OF
Michael0	Michael619	FATHER_0OF
Michael0	Michael620	FATHER_0OF
Michael0	Michael621	FATHER_0OF
Michael0	Michael622	FATHER_0OF
Michael0	Michael623	FATHER_0OF
Michael0	Michael624	FATHER_0OF
Michael0	Michael625	FATHER_0OF
Michael0	Michael626	FATHER_0OF
Michael0	Michael627	FATHER_0OF
Michael0	Michael628	FATHER_0OF
Michael0	Michael629	FATHER_0OF
Michael0	Michael630	FATHER_0OF
Michael0	Michael631	FATHER_0OF
Michael0	Michael632	FATHER_0OF
Michael0	Michael633	FATHER_0OF
Michael0	Michael634	FATHER_0OF
Michael0	Michael635	FATHER_0OF
Michael0	Michael636	FATHER_0OF
Michael0	Michael637	FATHER_0OF
Michael0	Michael638	FATHER_0OF
Michael0	Michael639	FATHER_0OF
Michael0	Michael640	FATHER_0OF
Michael0	Michael641	FATHER_0OF
Michael0	Michael642	FATHER_0OF
Michael0	Michael643	FATHER_0OF
Michael0	Michael644	FATHER_0OF
Michael0	Michael645	FATHER_0OF
Michael0	Michael646	FATHER_0OF
Michael0	Michael647	FATHER_0OF
Michael0	Michael648	FATHER_0OF
Michael0	Michael649	FATHER_0OF
Michael0	Michael650	FATHER_0OF
Michael0	Michael651	FATHER_0OF
Michael0	Michael652	FATHER_0OF
Michael0	Michael653	FATHER_0OF
Michael0	Michael654	FATHER_0OF
Michael0	Michael655	FATHER_0OF
Michael0	Michael656	FATHER_0OF
Michael0	Michael657	FATHER_0OF
Michael0	Michael658	FATHER_0OF
Michael0	Michael659	FATHER_0OF
Michael0	Michael660	FATHER_0OF
Michael0	Michael661	FATHER_0OF
Michael0	Michael662	FATHER_0OF
Michael0	Michael663	FATHER_0OF
Michael0	Michael664	FATHER_0OF
Michael0	Michael665	FATHER_0OF
Michael0	Michael666	FATHER_0OF
Michael0	Michael667	FATHER_0OF
Michael0	Michael668	FATHER_0OF
Michael0	Michael669	FATHER_0OF
Michael0	Michael670	FATHER_0OF
Michael0	Michael671	FATHER_0OF
Michael0	Michael672	FATHER_0OF
Michael0	Michael673	FATHER_0OF
Michael0	Michael674	FATHER_0OF
Michael0	Michael675	FATHER_0OF
Michael0	Michael676	FATHER_0OF
Michael0	Michael677	FATHER_0OF
Michael0	Michael678	FATHER_0OF
Michael0	Michael679	FATHER_0OF
Michael0	Michael680	FATHER_0OF
Michael0	Michael681	FATHER_0OF
Michael0	Michael682	FATHER_0OF
Michael0	Michael683	FATHER_0OF
Michael0	Michael684	FATHER_0OF
Michael0	Michael685	FATHER_0OF
Michael0	Michael686	FATHER_0OF
Michael0	Michael687	FATHER_0OF
Michael0	Michael688	FATHER_0OF
Michael0	Michael689	FATHER_0OF
Michael0	Michael690	FATHER_0OF
Michael0	Michael691	FATHER_0OF
Michael0	Michael692	FATHER_0OF
Michael0	Michael693	FATHER_0OF
Michael0	Michael694	FATHER_0OF
Michael0	Michael695	FATHER_0OF
Michael0	Michael696	FATHER_0OF
Michael0	Michael697	FATHER_0OF
Michael0	Michael698	FATHER_0OF
Michael0	Michael699	FATHER_0OF
Michael0	Michael700	FATHER_0OF
Michael0	Michael701	FATHER_0OF
Michael0	Michael702	FATHER_0OF
Michael0	Michael703	FATHER_0OF
Michael0	Michael704	FATHER_0OF
Michael0	Michael705	FATHER_0OF
Michael0	Michael706	FATHER_0OF
Michael0	Michael707	FATHER_0OF
Michael0	Michael708	FATHER_0OF
Michael0	Michael709	FATHER_0OF
Michael0	Michael710	FATHER_0OF
Michael0	Michael711	FATHER_0OF
Michael0	Michael712	FATHER_0OF
Michael0	Michael713	FATHER_0OF
Michael0	Michael714	FATHER_0OF
Michael0	Michael715	FATHER_0OF
Michael0	Michael716	FATHER_0OF
Michael0	Michael717	FATHER_0OF
Michael0	Michael718	FATHER_0OF
Michael0	Michael719	FATHER_0OF
Michael0	Michael720	FATHER_0OF
Michael0	Michael721	FATHER_0OF
Michael0	Michael722	FATHER_0OF
Michael0	Michael723	FATHER_0OF
Michael0	Michael724	FATHER_0OF
Michael0	Michael725	FATHER_0OF
Michael0	Michael726	FATHER_0OF
Michael0	Michael727	FATHER_0OF
Michael0	Michael728	FATHER_0OF
Michael0	Michael729	FATHER_0OF
Michael0	Michael730	FATHER_0OF
Michael0	Michael731	FATHER_0OF
Michael0	Michael732	FATHER_0OF
Michael0	Michael733	FATHER_0OF
Michael0	Michael734	FATHER_0OF
Michael0	Michael735	FATHER_0OF
Michael0	Michael736	FATHER_0OF
Michael0	Michael737	FATHER_0OF
Michael0	Michael738	FATHER_0OF
Michael0	Michael739	FATHER_0OF
Michael0	Michael740	FATHER_0OF
Michael0	Michael741	FATHER_0OF
Michael0	Michael742	FATHER_0OF
Michael0	Michael743	FATHER_0OF
Michael0	Michael744	FATHER_0OF
Michael0	Michael745	FATHER_0OF
Michael0	Michael746	FATHER_0OF
Michael0	Michael747	FATHER_0OF
Michael0	Michael748	FATHER_0OF
Michael0	Michael749	FATHER_0OF
Michael0	Michael750	FATHER_0OF
Michael0	Michael751	FATHER_0OF
Michael0	Michael752	FATHER_0OF
Michael0	Michael753	FATHER_0OF
Michael0	Michael754	FATHER_0OF
Michael0	Michael755	FATHER_0OF
Michael0	Michael756	FATHER_0OF
Michael0	Michael757	FATHER_0OF
Michael0	Michael758	FATHER_0OF
Michael0	Michael759	FATHER_0OF
Michael0	Michael760	FATHER_0OF
Michael0	Michael761	FATHER_0OF
Michael0	Michael762	FATHER_0OF
Michael0	Michael763	FATHER_0OF
Michael0	Michael764	FATHER_0OF
Michael0	Michael765	FATHER_0OF
Michael0	Michael766	FATHER_0OF
Michael0	Michael767	FATHER_0OF
Michael0	Michael768	FATHER_0OF
Michael0	Michael769	FATHER_0OF
Michael0	Michael770	FATHER_0OF
Michael0	Michael771	FATHER_0OF
Michael0	Michael772	FATHER_0OF
Michael0	Michael773	FATHER_0OF
Michael0	Michael774	FATHER_0OF
Michael0	Michael775	FATHER_0OF
Michael0	Michael776	FATHER_0OF
Michael0	Michael777	FATHER_0OF
Michael0	Michael778	FATHER_0OF
Michael0	Michael779	FATHER_0OF
Michael0	Michael780	FATHER_0OF
Michael0	Michael781	FATHER_0OF
Michael0	Michael782	FATHER_0OF
Michael0	Michael783	FATHER_0OF
Michael0	Michael784	FATHER_0OF
Michael0	Michael785	FATHER_0OF
Michael0	Michael786	FATHER_0OF
Michael0	Michael787	FATHER_0OF
Michael0	Michael788	FATHER_0OF
Michael0	Michael789	FATHER_0OF
Michael0	Michael790	FATHER_0OF
Michael0	Michael791	FATHER_0OF
Michael0	Michael792	FATHER_0OF
Michael0	Michael793	FATHER_0OF
Michael0	Michael794	FATHER_0OF
Michael0	Michael795	FATHER_0OF
Michael0	Michael796	FATHER_0OF
Michael0	Michael797	FATHER_0OF
Michael0	Michael798	FATHER_0OF
Michael0	Michael799	FATHER_0OF
Michael0	Michael800	FATHER_0OF
Michael0	Michael801	FATHER_0OF
Michael0	Michael802	FATHER_0OF
Michael0	Michael803	FATHER_0OF
Michael0	Michael804	FATHER_0OF
Michael0	Michael805	FATHER_0OF
Michael0	Michael806	FATHER_0OF
Michael0	Michael807	FATHER_0OF
Michael0	Michael808	FATHER_0OF
Michael0	Michael809	FATHER_0OF
Michael0	Michael810	FATHER_0OF
Michael0	Michael811	FATHER_0OF
Michael0	Michael812	FATHER_0OF
Michael0	Michael813	FATHER_0OF
Michael0	Michael814	FATHER_0OF
Michael0	Michael815	FATHER_0OF
Michael0	Michael816	FATHER_0OF
Michael0	Michael817	FATHER_0OF
Michael0	Michael818	FATHER_0OF
Michael0	Michael819	FATHER_0OF
Michael0	Michael820	FATHER_0OF
Michael0	Michael821	FATHER_0OF
Michael0	Michael822	FATHER_0OF
Michael0	Michael823	FATHER_0OF
Michael0	Michael824	FATHER_0OF
Michael0	Michael825	FATHER_0OF
Michael0	Michael826	FATHER_0OF
Michael0	Michael827	FATHER_0OF
Michael0	Michael828	FATHER_0OF
Michael0	Michael829	FATHER_0OF
Michael0	Michael830	FATHER_0OF
Michael0	Michael831	FATHER_0OF
Michael0	Michael832	FATHER_0OF
Michael0	Michael833	FATHER_0OF
Michael0	Michael834	FATHER_0OF
Michael0	Michael835	FATHER_0OF
Michael0	Michael836	FATHER_0OF
Michael0	Michael837	FATHER_0OF
Michael0	Michael838	FATHER_0OF
Michael0	Michael839	FATHER_0OF
Michael0	Michael840	FATHER_0OF
Michael0	Michael841	FATHER_0OF
Michael0	Michael842	FATHER_0OF
Michael0	Michael843	FATHER_0OF
Michael0	Michael844	FATHER_0OF
Michael0	Michael845	FATHER_0OF
Michael0	Michael846	FATHER_0OF
Michael0	Michael847	FATHER_0OF
Michael0	Michael848	FATHER_0OF
Michael0	Michael849	FATHER_0OF
Michael0	Michael850	FATHER_0OF
Michael0	Michael851	FATHER_0OF
Michael0	Michael852	FATHER_0OF
Michael0	Michael853	FATHER_0OF
Michael0	Michael854	FATHER_0OF
Michael0	Michael855	FATHER_0OF
Michael0	Michael856	FATHER_0OF
Michael0	Michael857	FATHER_0OF
Michael0	Michael858	FATHER_0OF
Michael0	Michael859	FATHER_0OF
Michael0	Michael860	FATHER_0OF
Michael0	Michael861	FATHER_0OF
Michael0	Michael862	FATHER_0OF
Michael0	Michael863	FATHER_0OF
Michael0	Michael864	FATHER_0OF
Michael0	Michael865	FATHER_0OF
Michael0	Michael866	FATHER_0OF
Michael0	Michael867	FATHER_0OF
Michael0	Michael868	FATHER_0OF
Michael0	Michael869	FATHER_0OF
Michael0	Michael870	FATHER_0OF
Michael0	Michael871	FATHER_0OF
Michael0	Michael872	FATHER_0OF
Michael0	Michael873	FATHER_0OF
Michael0	Michael874	FATHER_0OF
Michael0	Michael875	FATHER_0OF
Michael0	Michael876	FATHER_0OF
Michael0	Michael877	FATHER_0OF
Michael0	Michael878	FATHER_0OF
Michael0	Michael879	FATHER_0OF
Michael0	Michael880	FATHER_0OF
Michael0	Michael881	FATHER_0OF
Michael0	Michael882	FATHER_0OF
Michael0	Michael883	FATHER_0OF
Michael0	Michael884	FATHER_0OF
Michael0	Michael885	FATHER_0OF
Michael0	Michael886	FATHER_0OF
Michael0	Michael887	FATHER_0OF
Michael0	Michael888	FATHER_0OF
Michael0	Michael889	FATHER_0OF
Michael0	Michael890	FATHER_0OF
Michael0	Michael891	FATHER_0OF
Michael0	Michael892	FATHER_0OF
Michael0	Michael893	FATHER_0OF
Michael0	Michael894	FATHER_0OF
Michael0	Michael895	FATHER_0OF
Michael0	Michael896	FATHER_0OF
Michael0	Michael897	FATHER_0OF
Michael0	Michael898	FATHER_0OF
Michael0	Michael899	FATHER_0OF
Michael0	Michael900	FATHER_0OF
Michael0	Michael901	FATHER_0OF
Michael0	Michael902	FATHER_0OF
Michael0	Michael903	FATHER_0OF
Michael0	Michael904	FATHER_0OF
Michael0	Michael905	FATHER_0OF
Michael0	Michael906	FATHER_0OF
Michael0	Michael907	FATHER_0OF
Michael0	Michael908	FATHER_0OF
Michael0	Michael909	FATHER_0OF
Michael0	Michael910	FATHER_0OF
Michael0	Michael911	FATHER_0OF
Michael0	Michael912	FATHER_0OF
Michael0	Michael913	FATHER_0OF
Michael0	Michael914	FATHER_0OF
Michael0	Michael915	FATHER_0OF
Michael0	Michael916	FATHER_0OF
Michael0	Michael917	FATHER_0OF
Michael0	Michael918	FATHER_0OF
Michael0	Michael919	FATHER_0OF
Michael0	Michael920	FATHER_0OF
Michael0	Michael921	FATHER_0OF
Michael0	Michael922	FATHER_0OF
Michael0	Michael923	FATHER_0OF
Michael0	Michael924	FATHER_0OF
Michael0	Michael925	FATHER_0OF
Michael0	Michael926	FATHER_0OF
Michael0	Michael927	FATHER_0OF
Michael0	Michael928	FATHER_0OF
Michael0	Michael929	FATHER_0OF
Michael0	Michael930	FATHER_0OF
Michael0	Michael931	FATHER_0OF
Michael0	Michael932	FATHER_0OF
Michael0	Michael933	FATHER_0OF
Michael0	Michael934	FATHER_0OF
Michael0	Michael935	FATHER_0OF
Michael0	Michael936	FATHER_0OF
Michael0	Michael937	FATHER_0OF
Michael0	Michael938	FATHER_0OF
Michael0	Michael939	FATHER_0OF
Michael0	Michael940	FATHER_0OF
Michael0	Michael941	FATHER_0OF
Michael0	Michael942	FATHER_0OF
Michael0	Michael943	FATHER_0OF
Michael0	Michael944	FATHER_0OF
Michael0	Michael945	FATHER_0OF
Michael0	Michael946	FATHER_0OF
Michael0	Michael947	FATHER_0OF
Michael0	Michael948	FATHER_0OF
Michael0	Michael949	FATHER_0OF
Michael0	Michael950	FATHER_0OF
Michael0	Michael951	FATHER_0OF
Michael0	Michael952	FATHER_0OF
Michael0	Michael953	FATHER_0OF
Michael0	Michael954	FATHER_0OF
Michael0	Michael955	FATHER_0OF
Michael0	Michael956	FATHER_0OF
Michael0	Michael957	FATHER_0OF
Michael0	Michael958	FATHER_0OF
Michael0	Michael959	FATHER_0OF
Michael0	Michael960	FATHER_0OF
Michael0	Michael961	FATHER_0OF
Michael0	Michael962	FATHER_0OF
Michael0	Michael963	FATHER_0OF
Michael0	Michael964	FATHER_0OF
Michael0	Michael965	FATHER_0OF
Michael0	Michael966	FATHER_0OF
Michael0	Michael967	FATHER_0OF
Michael0	Michael968	FATHER_0OF
Michael0	Michael969	FATHER_0OF
Michael0	Michael970	FATHER_0OF
Michael0	Michael971	FATHER_0OF
Michael0	Michael972	FATHER_0OF
Michael0	Michael973	FATHER_0OF
Michael0	Michael974	FATHER_0OF
Michael0	Michael975	FATHER_0OF
Michael0	Michael976	FATHER_0OF
Michael0	Michael977	FATHER_0OF
Michael0	Michael978	FATHER_0OF
Michael0	Michael979	FATHER_0OF
Michael0	Michael980	FATHER_0OF
Michael0	Michael981	FATHER_0OF
Michael0	Michael982	FATHER_0OF
Michael0	Michael983	FATHER_0OF
Michael0	Michael984	FATHER_0OF
Michael0	Michael985	FATHER_0OF
Michael0	Michael986	FATHER_0OF
Michael0	Michael987	FATHER_0OF
Michael0	Michael988	FATHER_0OF
Michael0	Michael989	FATHER_0OF
Michael0	Michael990	FATHER_0OF
Michael0	Michael991	FATHER_0OF
Michael0	Michael992	FATHER_0OF
Michael0	Michael993	FATHER_0OF
Michael0	Michael994	FATHER_0OF
Michael0	Michael995	FATHER_0OF
Michael0	Michael996	FATHER_0OF
Michael0	Michael997	FATHER_0OF
Michael0	Michael998	FATHER_0OF
