name:string:users  age	works_on
Michael0  37  neo4j
Michael1  37  neo4j
Michael2  37  neo4j
Michael3  37  neo4j
Michael4  37  neo4j
Michael5  37  neo4j
Michael6  37  neo4j
Michael7  37  neo4j
Michael8  37  neo4j
Michael9  37  neo4j
Michael10  37  neo4j
Michael11  37  neo4j
Michael12  37  neo4j
Michael13  37  neo4j
Michael14  37  neo4j
Michael15  37  neo4j
Michael16  37  neo4j
Michael17  37  neo4j
Michael18  37  neo4j
Michael19  37  neo4j
Michael20  37  neo4j
Michael21  37  neo4j
Michael22  37  neo4j
Michael23  37  neo4j
Michael24  37  neo4j
Michael25  37  neo4j
Michael26  37  neo4j
Michael27  37  neo4j
Michael28  37  neo4j
Michael29  37  neo4j
Michael30  37  neo4j
Michael31  37  neo4j
Michael32  37  neo4j
Michael33  37  neo4j
Michael34  37  neo4j
Michael35  37  neo4j
Michael36  37  neo4j
Michael37  37  neo4j
Michael38  37  neo4j
Michael39  37  neo4j
Michael40  37  neo4j
Michael41  37  neo4j
Michael42  37  neo4j
Michael43  37  neo4j
Michael44  37  neo4j
Michael45  37  neo4j
Michael46  37  neo4j
Michael47  37  neo4j
Michael48  37  neo4j
Michael49  37  neo4j
Michael50  37  neo4j
Michael51  37  neo4j
Michael52  37  neo4j
Michael53  37  neo4j
Michael54  37  neo4j
Michael55  37  neo4j
Michael56  37  neo4j
Michael57  37  neo4j
Michael58  37  neo4j
Michael59  37  neo4j
Michael60  37  neo4j
Michael61  37  neo4j
Michael62  37  neo4j
Michael63  37  neo4j
Michael64  37  neo4j
Michael65  37  neo4j
Michael66  37  neo4j
Michael67  37  neo4j
Michael68  37  neo4j
Michael69  37  neo4j
Michael70  37  neo4j
Michael71  37  neo4j
Michael72  37  neo4j
Michael73  37  neo4j
Michael74  37  neo4j
Michael75  37  neo4j
Michael76  37  neo4j
Michael77  37  neo4j
Michael78  37  neo4j
Michael79  37  neo4j
Michael80  37  neo4j
Michael81  37  neo4j
Michael82  37  neo4j
Michael83  37  neo4j
Michael84  37  neo4j
Michael85  37  neo4j
Michael86  37  neo4j
Michael87  37  neo4j
Michael88  37  neo4j
Michael89  37  neo4j
Michael90  37  neo4j
Michael91  37  neo4j
Michael92  37  neo4j
Michael93  37  neo4j
Michael94  37  neo4j
Michael95  37  neo4j
Michael96  37  neo4j
Michael97  37  neo4j
Michael98  37  neo4j
Michael99  37  neo4j
Michael100  37  neo4j
Michael101  37  neo4j
Michael102  37  neo4j
Michael103  37  neo4j
Michael104  37  neo4j
Michael105  37  neo4j
Michael106  37  neo4j
Michael107  37  neo4j
Michael108  37  neo4j
Michael109  37  neo4j
Michael110  37  neo4j
Michael111  37  neo4j
Michael112  37  neo4j
Michael113  37  neo4j
Michael114  37  neo4j
Michael115  37  neo4j
Michael116  37  neo4j
Michael117  37  neo4j
Michael118  37  neo4j
Michael119  37  neo4j
Michael120  37  neo4j
Michael121  37  neo4j
Michael122  37  neo4j
Michael123  37  neo4j
Michael124  37  neo4j
Michael125  37  neo4j
Michael126  37  neo4j
Michael127  37  neo4j
Michael128  37  neo4j
Michael129  37  neo4j
Michael130  37  neo4j
Michael131  37  neo4j
Michael132  37  neo4j
Michael133  37  neo4j
Michael134  37  neo4j
Michael135  37  neo4j
Michael136  37  neo4j
Michael137  37  neo4j
Michael138  37  neo4j
Michael139  37  neo4j
Michael140  37  neo4j
Michael141  37  neo4j
Michael142  37  neo4j
Michael143  37  neo4j
Michael144  37  neo4j
Michael145  37  neo4j
Michael146  37  neo4j
Michael147  37  neo4j
Michael148  37  neo4j
Michael149  37  neo4j
Michael150  37  neo4j
Michael151  37  neo4j
Michael152  37  neo4j
Michael153  37  neo4j
Michael154  37  neo4j
Michael155  37  neo4j
Michael156  37  neo4j
Michael157  37  neo4j
Michael158  37  neo4j
Michael159  37  neo4j
Michael160  37  neo4j
Michael161  37  neo4j
Michael162  37  neo4j
Michael163  37  neo4j
Michael164  37  neo4j
Michael165  37  neo4j
Michael166  37  neo4j
Michael167  37  neo4j
Michael168  37  neo4j
Michael169  37  neo4j
Michael170  37  neo4j
Michael171  37  neo4j
Michael172  37  neo4j
Michael173  37  neo4j
Michael174  37  neo4j
Michael175  37  neo4j
Michael176  37  neo4j
Michael177  37  neo4j
Michael178  37  neo4j
Michael179  37  neo4j
Michael180  37  neo4j
Michael181  37  neo4j
Michael182  37  neo4j
Michael183  37  neo4j
Michael184  37  neo4j
Michael185  37  neo4j
Michael186  37  neo4j
Michael187  37  neo4j
Michael188  37  neo4j
Michael189  37  neo4j
Michael190  37  neo4j
Michael191  37  neo4j
Michael192  37  neo4j
Michael193  37  neo4j
Michael194  37  neo4j
Michael195  37  neo4j
Michael196  37  neo4j
Michael197  37  neo4j
Michael198  37  neo4j
Michael199  37  neo4j
Michael200  37  neo4j
Michael201  37  neo4j
Michael202  37  neo4j
Michael203  37  neo4j
Michael204  37  neo4j
Michael205  37  neo4j
Michael206  37  neo4j
Michael207  37  neo4j
Michael208  37  neo4j
Michael209  37  neo4j
Michael210  37  neo4j
Michael211  37  neo4j
Michael212  37  neo4j
Michael213  37  neo4j
Michael214  37  neo4j
Michael215  37  neo4j
Michael216  37  neo4j
Michael217  37  neo4j
Michael218  37  neo4j
Michael219  37  neo4j
Michael220  37  neo4j
Michael221  37  neo4j
Michael222  37  neo4j
Michael223  37  neo4j
Michael224  37  neo4j
Michael225  37  neo4j
Michael226  37  neo4j
Michael227  37  neo4j
Michael228  37  neo4j
Michael229  37  neo4j
Michael230  37  neo4j
Michael231  37  neo4j
Michael232  37  neo4j
Michael233  37  neo4j
Michael234  37  neo4j
Michael235  37  neo4j
Michael236  37  neo4j
Michael237  37  neo4j
Michael238  37  neo4j
Michael239  37  neo4j
Michael240  37  neo4j
Michael241  37  neo4j
Michael242  37  neo4j
Michael243  37  neo4j
Michael244  37  neo4j
Michael245  37  neo4j
Michael246  37  neo4j
Michael247  37  neo4j
Michael248  37  neo4j
Michael249  37  neo4j
Michael250  37  neo4j
Michael251  37  neo4j
Michael252  37  neo4j
Michael253  37  neo4j
Michael254  37  neo4j
Michael255  37  neo4j
Michael256  37  neo4j
Michael257  37  neo4j
Michael258  37  neo4j
Michael259  37  neo4j
Michael260  37  neo4j
Michael261  37  neo4j
Michael262  37  neo4j
Michael263  37  neo4j
Michael264  37  neo4j
Michael265  37  neo4j
Michael266  37  neo4j
Michael267  37  neo4j
Michael268  37  neo4j
Michael269  37  neo4j
Michael270  37  neo4j
Michael271  37  neo4j
Michael272  37  neo4j
Michael273  37  neo4j
Michael274  37  neo4j
Michael275  37  neo4j
Michael276  37  neo4j
Michael277  37  neo4j
Michael278  37  neo4j
Michael279  37  neo4j
Michael280  37  neo4j
Michael281  37  neo4j
Michael282  37  neo4j
Michael283  37  neo4j
Michael284  37  neo4j
Michael285  37  neo4j
Michael286  37  neo4j
Michael287  37  neo4j
Michael288  37  neo4j
Michael289  37  neo4j
Michael290  37  neo4j
Michael291  37  neo4j
Michael292  37  neo4j
Michael293  37  neo4j
Michael294  37  neo4j
Michael295  37  neo4j
Michael296  37  neo4j
Michael297  37  neo4j
Michael298  37  neo4j
Michael299  37  neo4j
Michael300  37  neo4j
Michael301  37  neo4j
Michael302  37  neo4j
Michael303  37  neo4j
Michael304  37  neo4j
Michael305  37  neo4j
Michael306  37  neo4j
Michael307  37  neo4j
Michael308  37  neo4j
Michael309  37  neo4j
Michael310  37  neo4j
Michael311  37  neo4j
Michael312  37  neo4j
Michael313  37  neo4j
Michael314  37  neo4j
Michael315  37  neo4j
Michael316  37  neo4j
Michael317  37  neo4j
Michael318  37  neo4j
Michael319  37  neo4j
Michael320  37  neo4j
Michael321  37  neo4j
Michael322  37  neo4j
Michael323  37  neo4j
Michael324  37  neo4j
Michael325  37  neo4j
Michael326  37  neo4j
Michael327  37  neo4j
Michael328  37  neo4j
Michael329  37  neo4j
Michael330  37  neo4j
Michael331  37  neo4j
Michael332  37  neo4j
Michael333  37  neo4j
Michael334  37  neo4j
Michael335  37  neo4j
Michael336  37  neo4j
Michael337  37  neo4j
Michael338  37  neo4j
Michael339  37  neo4j
Michael340  37  neo4j
Michael341  37  neo4j
Michael342  37  neo4j
Michael343  37  neo4j
Michael344  37  neo4j
Michael345  37  neo4j
Michael346  37  neo4j
Michael347  37  neo4j
Michael348  37  neo4j
Michael349  37  neo4j
Michael350  37  neo4j
Michael351  37  neo4j
Michael352  37  neo4j
Michael353  37  neo4j
Michael354  37  neo4j
Michael355  37  neo4j
Michael356  37  neo4j
Michael357  37  neo4j
Michael358  37  neo4j
Michael359  37  neo4j
Michael360  37  neo4j
Michael361  37  neo4j
Michael362  37  neo4j
Michael363  37  neo4j
Michael364  37  neo4j
Michael365  37  neo4j
Michael366  37  neo4j
Michael367  37  neo4j
Michael368  37  neo4j
Michael369  37  neo4j
Michael370  37  neo4j
Michael371  37  neo4j
Michael372  37  neo4j
Michael373  37  neo4j
Michael374  37  neo4j
Michael375  37  neo4j
Michael376  37  neo4j
Michael377  37  neo4j
Michael378  37  neo4j
Michael379  37  neo4j
Michael380  37  neo4j
Michael381  37  neo4j
Michael382  37  neo4j
Michael383  37  neo4j
Michael384  37  neo4j
Michael385  37  neo4j
Michael386  37  neo4j
Michael387  37  neo4j
Michael388  37  neo4j
Michael389  37  neo4j
Michael390  37  neo4j
Michael391  37  neo4j
Michael392  37  neo4j
Michael393  37  neo4j
Michael394  37  neo4j
Michael395  37  neo4j
Michael396  37  neo4j
Michael397  37  neo4j
Michael398  37  neo4j
Michael399  37  neo4j
Michael400  37  neo4j
Michael401  37  neo4j
Michael402  37  neo4j
Michael403  37  neo4j
Michael404  37  neo4j
Michael405  37  neo4j
Michael406  37  neo4j
Michael407  37  neo4j
Michael408  37  neo4j
Michael409  37  neo4j
Michael410  37  neo4j
Michael411  37  neo4j
Michael412  37  neo4j
Michael413  37  neo4j
Michael414  37  neo4j
Michael415  37  neo4j
Michael416  37  neo4j
Michael417  37  neo4j
Michael418  37  neo4j
Michael419  37  neo4j
Michael420  37  neo4j
Michael421  37  neo4j
Michael422  37  neo4j
Michael423  37  neo4j
Michael424  37  neo4j
Michael425  37  neo4j
Michael426  37  neo4j
Michael427  37  neo4j
Michael428  37  neo4j
Michael429  37  neo4j
Michael430  37  neo4j
Michael431  37  neo4j
Michael432  37  neo4j
Michael433  37  neo4j
Michael434  37  neo4j
Michael435  37  neo4j
Michael436  37  neo4j
Michael437  37  neo4j
Michael438  37  neo4j
Michael439  37  neo4j
Michael440  37  neo4j
Michael441  37  neo4j
Michael442  37  neo4j
Michael443  37  neo4j
Michael444  37  neo4j
Michael445  37  neo4j
Michael446  37  neo4j
Michael447  37  neo4j
Michael448  37  neo4j
Michael449  37  neo4j
Michael450  37  neo4j
Michael451  37  neo4j
Michael452  37  neo4j
Michael453  37  neo4j
Michael454  37  neo4j
Michael455  37  neo4j
Michael456  37  neo4j
Michael457  37  neo4j
Michael458  37  neo4j
Michael459  37  neo4j
Michael460  37  neo4j
Michael461  37  neo4j
Michael462  37  neo4j
Michael463  37  neo4j
Michael464  37  neo4j
Michael465  37  neo4j
Michael466  37  neo4j
Michael467  37  neo4j
Michael468  37  neo4j
Michael469  37  neo4j
Michael470  37  neo4j
Michael471  37  neo4j
Michael472  37  neo4j
Michael473  37  neo4j
Michael474  37  neo4j
Michael475  37  neo4j
Michael476  37  neo4j
Michael477  37  neo4j
Michael478  37  neo4j
Michael479  37  neo4j
Michael480  37  neo4j
Michael481  37  neo4j
Michael482  37  neo4j
Michael483  37  neo4j
Michael484  37  neo4j
Michael485  37  neo4j
Michael486  37  neo4j
Michael487  37  neo4j
Michael488  37  neo4j
Michael489  37  neo4j
Michael490  37  neo4j
Michael491  37  neo4j
Michael492  37  neo4j
Michael493  37  neo4j
Michael494  37  neo4j
Michael495  37  neo4j
Michael496  37  neo4j
Michael497  37  neo4j
Michael498  37  neo4j
Michael499  37  neo4j
Michael500  37  neo4j
Michael501  37  neo4j
Michael502  37  neo4j
Michael503  37  neo4j
Michael504  37  neo4j
Michael505  37  neo4j
Michael506  37  neo4j
Michael507  37  neo4j
Michael508  37  neo4j
Michael509  37  neo4j
Michael510  37  neo4j
Michael511  37  neo4j
Michael512  37  neo4j
Michael513  37  neo4j
Michael514  37  neo4j
Michael515  37  neo4j
Michael516  37  neo4j
Michael517  37  neo4j
Michael518  37  neo4j
Michael519  37  neo4j
Michael520  37  neo4j
Michael521  37  neo4j
Michael522  37  neo4j
Michael523  37  neo4j
Michael524  37  neo4j
Michael525  37  neo4j
Michael526  37  neo4j
Michael527  37  neo4j
Michael528  37  neo4j
Michael529  37  neo4j
Michael530  37  neo4j
Michael531  37  neo4j
Michael532  37  neo4j
Michael533  37  neo4j
Michael534  37  neo4j
Michael535  37  neo4j
Michael536  37  neo4j
Michael537  37  neo4j
Michael538  37  neo4j
Michael539  37  neo4j
Michael540  37  neo4j
Michael541  37  neo4j
Michael542  37  neo4j
Michael543  37  neo4j
Michael544  37  neo4j
Michael545  37  neo4j
Michael546  37  neo4j
Michael547  37  neo4j
Michael548  37  neo4j
Michael549  37  neo4j
Michael550  37  neo4j
Michael551  37  neo4j
Michael552  37  neo4j
Michael553  37  neo4j
Michael554  37  neo4j
Michael555  37  neo4j
Michael556  37  neo4j
Michael557  37  neo4j
Michael558  37  neo4j
Michael559  37  neo4j
Michael560  37  neo4j
Michael561  37  neo4j
Michael562  37  neo4j
Michael563  37  neo4j
Michael564  37  neo4j
Michael565  37  neo4j
Michael566  37  neo4j
Michael567  37  neo4j
Michael568  37  neo4j
Michael569  37  neo4j
Michael570  37  neo4j
Michael571  37  neo4j
Michael572  37  neo4j
Michael573  37  neo4j
Michael574  37  neo4j
Michael575  37  neo4j
Michael576  37  neo4j
Michael577  37  neo4j
Michael578  37  neo4j
Michael579  37  neo4j
Michael580  37  neo4j
Michael581  37  neo4j
Michael582  37  neo4j
Michael583  37  neo4j
Michael584  37  neo4j
Michael585  37  neo4j
Michael586  37  neo4j
Michael587  37  neo4j
Michael588  37  neo4j
Michael589  37  neo4j
Michael590  37  neo4j
Michael591  37  neo4j
Michael592  37  neo4j
Michael593  37  neo4j
Michael594  37  neo4j
Michael595  37  neo4j
Michael596  37  neo4j
Michael597  37  neo4j
Michael598  37  neo4j
Michael599  37  neo4j
Michael600  37  neo4j
Michael601  37  neo4j
Michael602  37  neo4j
Michael603  37  neo4j
Michael604  37  neo4j
Michael605  37  neo4j
Michael606  37  neo4j
Michael607  37  neo4j
Michael608  37  neo4j
Michael609  37  neo4j
Michael610  37  neo4j
Michael611  37  neo4j
Michael612  37  neo4j
Michael613  37  neo4j
Michael614  37  neo4j
Michael615  37  neo4j
Michael616  37  neo4j
Michael617  37  neo4j
Michael618  37  neo4j
Michael619  37  neo4j
Michael620  37  neo4j
Michael621  37  neo4j
Michael622  37  neo4j
Michael623  37  neo4j
Michael624  37  neo4j
Michael625  37  neo4j
Michael626  37  neo4j
Michael627  37  neo4j
Michael628  37  neo4j
Michael629  37  neo4j
Michael630  37  neo4j
Michael631  37  neo4j
Michael632  37  neo4j
Michael633  37  neo4j
Michael634  37  neo4j
Michael635  37  neo4j
Michael636  37  neo4j
Michael637  37  neo4j
Michael638  37  neo4j
Michael639  37  neo4j
Michael640  37  neo4j
Michael641  37  neo4j
Michael642  37  neo4j
Michael643  37  neo4j
Michael644  37  neo4j
Michael645  37  neo4j
Michael646  37  neo4j
Michael647  37  neo4j
Michael648  37  neo4j
Michael649  37  neo4j
Michael650  37  neo4j
Michael651  37  neo4j
Michael652  37  neo4j
Michael653  37  neo4j
Michael654  37  neo4j
Michael655  37  neo4j
Michael656  37  neo4j
Michael657  37  neo4j
Michael658  37  neo4j
Michael659  37  neo4j
Michael660  37  neo4j
Michael661  37  neo4j
Michael662  37  neo4j
Michael663  37  neo4j
Michael664  37  neo4j
Michael665  37  neo4j
Michael666  37  neo4j
Michael667  37  neo4j
Michael668  37  neo4j
Michael669  37  neo4j
Michael670  37  neo4j
Michael671  37  neo4j
Michael672  37  neo4j
Michael673  37  neo4j
Michael674  37  neo4j
Michael675  37  neo4j
Michael676  37  neo4j
Michael677  37  neo4j
Michael678  37  neo4j
Michael679  37  neo4j
Michael680  37  neo4j
Michael681  37  neo4j
Michael682  37  neo4j
Michael683  37  neo4j
Michael684  37  neo4j
Michael685  37  neo4j
Michael686  37  neo4j
Michael687  37  neo4j
Michael688  37  neo4j
Michael689  37  neo4j
Michael690  37  neo4j
Michael691  37  neo4j
Michael692  37  neo4j
Michael693  37  neo4j
Michael694  37  neo4j
Michael695  37  neo4j
Michael696  37  neo4j
Michael697  37  neo4j
Michael698  37  neo4j
Michael699  37  neo4j
Michael700  37  neo4j
Michael701  37  neo4j
Michael702  37  neo4j
Michael703  37  neo4j
Michael704  37  neo4j
Michael705  37  neo4j
Michael706  37  neo4j
Michael707  37  neo4j
Michael708  37  neo4j
Michael709  37  neo4j
Michael710  37  neo4j
Michael711  37  neo4j
Michael712  37  neo4j
Michael713  37  neo4j
Michael714  37  neo4j
Michael715  37  neo4j
Michael716  37  neo4j
Michael717  37  neo4j
Michael718  37  neo4j
Michael719  37  neo4j
Michael720  37  neo4j
Michael721  37  neo4j
Michael722  37  neo4j
Michael723  37  neo4j
Michael724  37  neo4j
Michael725  37  neo4j
Michael726  37  neo4j
Michael727  37  neo4j
Michael728  37  neo4j
Michael729  37  neo4j
Michael730  37  neo4j
Michael731  37  neo4j
Michael732  37  neo4j
Michael733  37  neo4j
Michael734  37  neo4j
Michael735  37  neo4j
Michael736  37  neo4j
Michael737  37  neo4j
Michael738  37  neo4j
Michael739  37  neo4j
Michael740  37  neo4j
Michael741  37  neo4j
Michael742  37  neo4j
Michael743  37  neo4j
Michael744  37  neo4j
Michael745  37  neo4j
Michael746  37  neo4j
Michael747  37  neo4j
Michael748  37  neo4j
Michael749  37  neo4j
Michael750  37  neo4j
Michael751  37  neo4j
Michael752  37  neo4j
Michael753  37  neo4j
Michael754  37  neo4j
Michael755  37  neo4j
Michael756  37  neo4j
Michael757  37  neo4j
Michael758  37  neo4j
Michael759  37  neo4j
Michael760  37  neo4j
Michael761  37  neo4j
Michael762  37  neo4j
Michael763  37  neo4j
Michael764  37  neo4j
Michael765  37  neo4j
Michael766  37  neo4j
Michael767  37  neo4j
Michael768  37  neo4j
Michael769  37  neo4j
Michael770  37  neo4j
Michael771  37  neo4j
Michael772  37  neo4j
Michael773  37  neo4j
Michael774  37  neo4j
Michael775  37  neo4j
Michael776  37  neo4j
Michael777  37  neo4j
Michael778  37  neo4j
Michael779  37  neo4j
Michael780  37  neo4j
Michael781  37  neo4j
Michael782  37  neo4j
Michael783  37  neo4j
Michael784  37  neo4j
Michael785  37  neo4j
Michael786  37  neo4j
Michael787  37  neo4j
Michael788  37  neo4j
Michael789  37  neo4j
Michael790  37  neo4j
Michael791  37  neo4j
Michael792  37  neo4j
Michael793  37  neo4j
Michael794  37  neo4j
Michael795  37  neo4j
Michael796  37  neo4j
Michael797  37  neo4j
Michael798  37  neo4j
Michael799  37  neo4j
Michael800  37  neo4j
Michael801  37  neo4j
Michael802  37  neo4j
Michael803  37  neo4j
Michael804  37  neo4j
Michael805  37  neo4j
Michael806  37  neo4j
Michael807  37  neo4j
Michael808  37  neo4j
Michael809  37  neo4j
Michael810  37  neo4j
Michael811  37  neo4j
Michael812  37  neo4j
Michael813  37  neo4j
Michael814  37  neo4j
Michael815  37  neo4j
Michael816  37  neo4j
Michael817  37  neo4j
Michael818  37  neo4j
Michael819  37  neo4j
Michael820  37  neo4j
Michael821  37  neo4j
Michael822  37  neo4j
Michael823  37  neo4j
Michael824  37  neo4j
Michael825  37  neo4j
Michael826  37  neo4j
Michael827  37  neo4j
Michael828  37  neo4j
Michael829  37  neo4j
Michael830  37  neo4j
Michael831  37  neo4j
Michael832  37  neo4j
Michael833  37  neo4j
Michael834  37  neo4j
Michael835  37  neo4j
Michael836  37  neo4j
Michael837  37  neo4j
Michael838  37  neo4j
Michael839  37  neo4j
Michael840  37  neo4j
Michael841  37  neo4j
Michael842  37  neo4j
Michael843  37  neo4j
Michael844  37  neo4j
Michael845  37  neo4j
Michael846  37  neo4j
Michael847  37  neo4j
Michael848  37  neo4j
Michael849  37  neo4j
Michael850  37  neo4j
Michael851  37  neo4j
Michael852  37  neo4j
Michael853  37  neo4j
Michael854  37  neo4j
Michael855  37  neo4j
Michael856  37  neo4j
Michael857  37  neo4j
Michael858  37  neo4j
Michael859  37  neo4j
Michael860  37  neo4j
Michael861  37  neo4j
Michael862  37  neo4j
Michael863  37  neo4j
Michael864  37  neo4j
Michael865  37  neo4j
Michael866  37  neo4j
Michael867  37  neo4j
Michael868  37  neo4j
Michael869  37  neo4j
Michael870  37  neo4j
Michael871  37  neo4j
Michael872  37  neo4j
Michael873  37  neo4j
Michael874  37  neo4j
Michael875  37  neo4j
Michael876  37  neo4j
Michael877  37  neo4j
Michael878  37  neo4j
Michael879  37  neo4j
Michael880  37  neo4j
Michael881  37  neo4j
Michael882  37  neo4j
Michael883  37  neo4j
Michael884  37  neo4j
Michael885  37  neo4j
Michael886  37  neo4j
Michael887  37  neo4j
Michael888  37  neo4j
Michael889  37  neo4j
Michael890  37  neo4j
Michael891  37  neo4j
Michael892  37  neo4j
Michael893  37  neo4j
Michael894  37  neo4j
Michael895  37  neo4j
Michael896  37  neo4j
Michael897  37  neo4j
Michael898  37  neo4j
Michael899  37  neo4j
Michael900  37  neo4j
Michael901  37  neo4j
Michael902  37  neo4j
Michael903  37  neo4j
Michael904  37  neo4j
Michael905  37  neo4j
Michael906  37  neo4j
Michael907  37  neo4j
Michael908  37  neo4j
Michael909  37  neo4j
Michael910  37  neo4j
Michael911  37  neo4j
Michael912  37  neo4j
Michael913  37  neo4j
Michael914  37  neo4j
Michael915  37  neo4j
Michael916  37  neo4j
Michael917  37  neo4j
Michael918  37  neo4j
Michael919  37  neo4j
Michael920  37  neo4j
Michael921  37  neo4j
Michael922  37  neo4j
Michael923  37  neo4j
Michael924  37  neo4j
Michael925  37  neo4j
Michael926  37  neo4j
Michael927  37  neo4j
Michael928  37  neo4j
Michael929  37  neo4j
Michael930  37  neo4j
Michael931  37  neo4j
Michael932  37  neo4j
Michael933  37  neo4j
Michael934  37  neo4j
Michael935  37  neo4j
Michael936  37  neo4j
Michael937  37  neo4j
Michael938  37  neo4j
Michael939  37  neo4j
Michael940  37  neo4j
Michael941  37  neo4j
Michael942  37  neo4j
Michael943  37  neo4j
Michael944  37  neo4j
Michael945  37  neo4j
Michael946  37  neo4j
Michael947  37  neo4j
Michael948  37  neo4j
Michael949  37  neo4j
Michael950  37  neo4j
Michael951  37  neo4j
Michael952  37  neo4j
Michael953  37  neo4j
Michael954  37  neo4j
Michael955  37  neo4j
Michael956  37  neo4j
Michael957  37  neo4j
Michael958  37  neo4j
Michael959  37  neo4j
Michael960  37  neo4j
Michael961  37  neo4j
Michael962  37  neo4j
Michael963  37  neo4j
Michael964  37  neo4j
Michael965  37  neo4j
Michael966  37  neo4j
Michael967  37  neo4j
Michael968  37  neo4j
Michael969  37  neo4j
Michael970  37  neo4j
Michael971  37  neo4j
Michael972  37  neo4j
Michael973  37  neo4j
Michael974  37  neo4j
Michael975  37  neo4j
Michael976  37  neo4j
Michael977  37  neo4j
Michael978  37  neo4j
Michael979  37  neo4j
Michael980  37  neo4j
Michael981  37  neo4j
Michael982  37  neo4j
Michael983  37  neo4j
Michael984  37  neo4j
Michael985  37  neo4j
Michael986  37  neo4j
Michael987  37  neo4j
Michael988  37  neo4j
Michael989  37  neo4j
Michael990  37  neo4j
Michael991  37  neo4j
Michael992  37  neo4j
Michael993  37  neo4j
Michael994  37  neo4j
Michael995  37  neo4j
Michael996  37  neo4j
Michael997  37  neo4j
Michael998  37  neo4j
Michael999  37  neo4j
